<?xml version = "1.0" encoding = "utf-8"?>
<!DOCTYPE hibernate-configuration SYSTEM
        "http://www.hibernate.org/dtd/hibernate-configuration-3.0.dtd">
<hibernate-configuration>
    <session-factory>

        <!-- Dessa properties innehåller konfigurationen mot vår databas -->
        <property name="connection.driver_class">com.mysql.cj.jdbc.Driver</property>
        <property name="connection.url">jdbc:mysql://localhost:3306/test3?serverTimezone=UTC</property>
        <property name="dialect">org.hibernate.dialect.MySQL8Dialect</property>
        <property name="connection.username">root</property>
        <property name="connection.password">root</property>
        <property name="connection.pool_size">3</property>
        <property name="current_session_context_class">thread</property>
        <property name="show_sql">true</property>
        <property name="format_sql">false</property>
        <property name="hbm2ddl.auto">update</property>
        <!-- Här talar vi om vilka klasser i projektet som ska mappas mot motsvarande tabell i databasen -->
        <mapping class="org.MyDataBase.onetomany.Address" />
        <mapping class="org.MyDataBase.onetomany.Arena" />
        <mapping class="org.MyDataBase.onetomany.Wc" />
        <mapping class="org.MyDataBase.onetomany.Concert" />
        <mapping class="org.MyDataBase.onetomany.Customer" />

    </session-factory>
</hibernate-configuration>